Title,URL
Chemical Operator / Technician at EasyMining,"=HYPERLINK(""https://europa.eu/eures/portal/jv-se/jv-details/NDUzMjcxOCAxMjE"",""https://europa.eu/eures/portal/jv-se/jv-details/NDUzMjcxOCAxMjE"")"
Laboratory Engineer,"=HYPERLINK(""https://europa.eu/eures/portal/jv-se/jv-details/NDUyODg4OSAxMjE"",""https://europa.eu/eures/portal/jv-se/jv-details/NDUyODg4OSAxMjE"")"
Instrument Engineer,"=HYPERLINK(""https://europa.eu/eures/portal/jv-se/jv-details/NDUyODQxOSAxMjE"",""https://europa.eu/eures/portal/jv-se/jv-details/NDUyODQxOSAxMjE"")"
Laboratorietekniker sökes till Thermo Fisher Scientific,"=HYPERLINK(""https://europa.eu/eures/portal/jv-se/jv-details/NDUxNzgxMiAxMjE"",""https://europa.eu/eures/portal/jv-se/jv-details/NDUxNzgxMiAxMjE"")"
Junior Laboratory Technician,"=HYPERLINK(""https://europa.eu/eures/portal/jv-se/jv-details/NDUxODg5MiAxMjE"",""https://europa.eu/eures/portal/jv-se/jv-details/NDUxODg5MiAxMjE"")"
"Measurement Engineer in 3D scanning, Powertrain Testing","=HYPERLINK(""https://europa.eu/eures/portal/jv-se/jv-details/NDQ5NTY1OSAxMjE"",""https://europa.eu/eures/portal/jv-se/jv-details/NDQ5NTY1OSAxMjE"")"
"Measurement Engineer, Coordinate Measurement Technology, Powertrain Testing","=HYPERLINK(""https://europa.eu/eures/portal/jv-se/jv-details/NDQ5NTYyOCAxMjE"",""https://europa.eu/eures/portal/jv-se/jv-details/NDQ5NTYyOCAxMjE"")"
Lab Technician at SKF RecondOil - Östersund,"=HYPERLINK(""https://europa.eu/eures/portal/jv-se/jv-details/NDQ2OTg1OSAxMjE"",""https://europa.eu/eures/portal/jv-se/jv-details/NDQ2OTg1OSAxMjE"")"
Application engineer,"=HYPERLINK(""https://europa.eu/eures/portal/jv-se/jv-details/NDE5MzAwOSAxMjE"",""https://europa.eu/eures/portal/jv-se/jv-details/NDE5MzAwOSAxMjE"")"
Life Cycle Equipment Management Specialist,"=HYPERLINK(""https://europa.eu/eures/portal/jv-se/jv-details/NDU0MTc1MyAxMjE"",""https://europa.eu/eures/portal/jv-se/jv-details/NDU0MTc1MyAxMjE"")"
Labbtekniker för framtida uppdrag hos Life Science företag i Stockholm,"=HYPERLINK(""https://europa.eu/eures/portal/jv-se/jv-details/NDQ1NjMwMSAxMjE"",""https://europa.eu/eures/portal/jv-se/jv-details/NDQ1NjMwMSAxMjE"")"
Erfaren Laboratorieingenjör QC Våtkemi till Läkemedelsföretag,"=HYPERLINK(""https://europa.eu/eures/portal/jv-se/jv-details/NDUwNjA1MSAxMjE"",""https://europa.eu/eures/portal/jv-se/jv-details/NDUwNjA1MSAxMjE"")"
Erfaren Laboratorieingenjör QC Våtkemi till Läkemedelsföretag,"=HYPERLINK(""https://europa.eu/eures/portal/jv-se/jv-details/NDUwNjA1NCAxMjE"",""https://europa.eu/eures/portal/jv-se/jv-details/NDUwNjA1NCAxMjE"")"
Laboratoriespecialist QC,"=HYPERLINK(""https://europa.eu/eures/portal/jv-se/jv-details/NDQ5OTk4MyAxMjE"",""https://europa.eu/eures/portal/jv-se/jv-details/NDQ5OTk4MyAxMjE"")"
Laboratorieingnejör kemi,"=HYPERLINK(""https://europa.eu/eures/portal/jv-se/jv-details/NDQ4NDI0MCAxMjE"",""https://europa.eu/eures/portal/jv-se/jv-details/NDQ4NDI0MCAxMjE"")"
